,User,Date,Tweet
0,erenjea57913231,2022-12-13 19:48:15+00:00,RT @humanityhopeor1: Why were multiple illegal FIR‚Äôs filed against my father in your constituency for ‚Äúfreedom of expression?‚Äù Do the same‚Ä¶
1,VictorSharma12,2022-12-13 19:48:15+00:00,"RT @POTUS: This morning, we received another reason to be optimistic going into the new year.

We learned that last month inflation came do‚Ä¶"
2,meaza_AG,2022-12-13 19:48:15+00:00,RT @sadilove8: Dear @POTUS ; Abiy &amp; Isaias  are violating all human rights values in their #TigrayGenocide project. On the #USAfricaLeaders‚Ä¶
3,reifer_bello,2022-12-13 19:48:14+00:00,"RT @MissIzquierda: ¬°DIPLOM√ÅTICOS EN PELIGRO!

Alex Saab es un diplom√°tico venezolano debidamente acreditado por el gobierno de Venezuela, a‚Ä¶"
4,SeluShare,2022-12-13 19:48:14+00:00,"RT @WediGebremicha1: What is world waiting for? is humanity alive anymore?

If so we urge @IntlCrimCourt @UN @coe
@_AfricanUnion @EUCouncil‚Ä¶"
5,PaulStewartII,2022-12-13 19:48:14+00:00,"RT @POTUS: This morning, we received another reason to be optimistic going into the new year.

We learned that last month inflation came do‚Ä¶"
6,AS7882R,2022-12-13 19:48:14+00:00,@POTUS Just deceiving the people. This was their true right &amp; nothing new to be surprised.
7,SeluShare,2022-12-13 19:48:14+00:00,"RT @alexanderglesh1: #UNSCActNow !?
.@amnesty reports the mass execution Eritrean troops went on a rampage and killed hundreds.What about N‚Ä¶"
8,DrEvil3000,2022-12-13 19:48:14+00:00,@mutrixfe @StopAntisemites @IsraelWarRoom @K_JeanPierre @POTUS @SecondGentleman @RashidaTlaib @RepRashida @Ilhan @IlhanMN Who‚Äôs the hater now. üòÇ
9,Brad_Edwards1,2022-12-13 19:48:13+00:00,@POTUS Really enjoying $8 12 pack of @pepsi and @CocaCola
10,AsadSHAM2,2022-12-13 19:48:13+00:00,RT @humanityhopeor1: Why were multiple illegal FIR‚Äôs filed against my father in your constituency for ‚Äúfreedom of expression?‚Äù Do the same‚Ä¶
11,selu_su2,2022-12-13 19:48:13+00:00,"RT @susutigraweit: Between Nov,17 &amp; 25, 111 civilians were killed &amp; 103 injured by the Eritrean forces, according to a report produced by @‚Ä¶"
12,LadyGothics,2022-12-13 19:48:13+00:00,"@BradleyJardis @R_D_Sanchez_III @ElAmigoAZ @LPNational @POTUS Well, since that's never been an option, there's no going back, only forward. Plus, honestly, what would any of us do with a nuke? No matter how we ever used it, it'd be the end of our lives, too."
13,awtach,2022-12-13 19:48:13+00:00,RT @AberahmYodit: Dear @POTUS ; Abiy &amp; Isaias  are violating all human rights values in their #TigrayGenocide project. On the #USAfricaLead‚Ä¶
14,ZeruTesema,2022-12-13 19:48:13+00:00,"RT @Leti_Tade: #SanctionEthiopia for war crimes against humanity civilians are dying Six 

#USAfricaLeadersSummit22 

@POTUS @SecBlinken @S‚Ä¶"
15,KotikovDmitrij,2022-12-13 19:48:13+00:00,"@Podolyak_M @elonmusk @BBCWorld @BBCNews @BBCBreaking @EuromaidanPress @DeutscheWelle @guardian @guardiannews @Reuters @CNN @cnnbrk @washingtonpost @nytimes @NBCNews @abcnews @CBCNews @apmassaro3 @POTUS @OlafScholz @JosepBorrellF @vonderleyen 

#ATACMS
#RussiaIsATerroristState 

@elonmusk ???"
16,werki_tdf,2022-12-13 19:48:13+00:00,"RT @ZAlemayu: Dear @POTUS;InTigray For the past
 2years,7million ppl have been exposed to drone attacks,SGBV,looted medical facilities,ethn‚Ä¶"
17,MarcObi97619232,2022-12-13 19:48:13+00:00,RT @ChinasaNworu: #Biafrans Watch this and put  this clip in your archives for record purposes. @real_IpobDOS @mfa_russia @ForeignAffairs @‚Ä¶
18,Heav_en1,2022-12-13 19:48:12+00:00,"RT @MesiGalTigray6: Dear @POTUS; ¬†
#Ethiopia &amp; Eritrea are  responsible for a wide range of human rights violations under the African Chart‚Ä¶"
19,OglyFederico,2022-12-13 19:48:12+00:00,"@Hesch6Jim @POTUS So, now it's more explicit and inclusive
It doesn't affect me, but it certainly protects the people that felt not protected enough
I'm happy for them"
20,SelamT30,2022-12-13 19:48:12+00:00,"RT @standup4tigray_: Dear @POTUS ;
The #USAfricaLeadersSummit22 must prioritize humanity. Tigray is being denied basic services.
#US &amp; #AU‚Ä¶"
21,desitay1,2022-12-13 19:48:12+00:00,"RT @gwalitomi: Tigray War has received 368,000 stories in media globally over TWO years, @lizzyshackelfor said. Meanwhile, since just Febru‚Ä¶"
22,CBartenbach,2022-12-13 19:48:12+00:00,@ph_reporterpool @realDonaldTrump @POTUS üòÖüëç
23,KMayliham,2022-12-13 19:48:12+00:00,"RT @haddis_simret: ‚ÄúI want the world to hear my story &amp; Tigray‚Äôs women's story,hear our cries
‚ö†Ô∏èWe need medical &amp;psychological assistance u‚Ä¶"
24,brhan50964202,2022-12-13 19:48:12+00:00,RT @Lemlem15829676: üëâ‚ÄºÔ∏èThe on-going 7Ô∏è‚É£6Ô∏è‚É£6Ô∏è‚É£DaysOfTigrayGenocide by Roman Debotch is coming to Denver Sunday Nov 13!Watch with us as the f‚Ä¶
25,BillyBahati,2022-12-13 19:48:12+00:00,"RT @POTUS: For 75 years, Toys for Tots has brought joy, laughter, and smiles to families and kids across the country.

It's one of the best‚Ä¶"
26,DawitAmanuel19,2022-12-13 19:48:12+00:00,"RT @zewdu_mawcha: &gt;3M in Tigray who R acutely food insecure,including at least hundreds of thousands in Tigray are already facing famine-li‚Ä¶"
27,retirenow59,2022-12-13 19:48:12+00:00,@POTUS People stopped driving
28,CombateAlex,2022-12-13 19:48:11+00:00,"El eurodiputado Manu Pineda tambi√©n abord√≥ el secuestro de Alex Saab e indic√≥ que la audiencia de este lunes demuestra desprecio de EE.UU. hacia la diplomacia.
#FreeAlexSaab üåêüáªüá™‚úäüèº
@StateDept @WhiteHouse @POTUS 
#poupettekenza https://t.co/2sBwfUxYn6"
29,meaza_AG,2022-12-13 19:48:11+00:00,RT @mehari05: Dear @POTUS ; The #USAfricaLeadersSummit22 must prioritize humanity. Tigray is being denied basic services. #US &amp; #AU leaders‚Ä¶
30,awtach,2022-12-13 19:48:11+00:00,"RT @AberahmYodit: @NobelPrize &amp; #AmericanAcademy are giving Golden award to #TheGenociderAbiyAhmed. 
This award contempt to all the ppl of‚Ä¶"
31,meaza_AG,2022-12-13 19:48:11+00:00,"RT @UNAYBOOM06: Ethiopia should be withdraw Eritrean troops &amp; Stop, internments &amp; killings of Tigrayans, but instead #Abiy is encouraging i‚Ä¶"
32,meaza_AG,2022-12-13 19:48:11+00:00,"RT @Eleni2p1p: Dear @POTUS : Abiy Ahmed‚Äôs deliberate policy of weaponizing hunger, is a violation of int'l human rights law and contradicts‚Ä¶"
33,jackspringerman,2022-12-13 19:48:11+00:00,@POTUS Trump is a million times better and smarter than you
34,Adam_Cadmon1,2022-12-13 19:48:11+00:00,"RT @POTUS: Americans can see our economic progress while driving down the street, finding relief at the pump as gas prices fall.
 
As they‚Ä¶"
35,biloxiqueen,2022-12-13 19:48:11+00:00,RT @lawyersofcolor: The Senate just confirmed Delaware Supreme Court Justice Tamika R. Montgomery-Reeves by a vote of 53-35 to the US Court‚Ä¶
36,Dale_Lawrence07,2022-12-13 19:48:11+00:00,"RT @RitchieTorres: Last week, I stood by ‚Å¶@SpeakerPelosi‚Å© as she signed the Respect for Marriage Act.  

Today, I will have the honor of wi‚Ä¶"
37,z_tsiga,2022-12-13 19:48:10+00:00,"RT @Nyat31786241: Dear @POTUS 
Eritrean troops are still inTigray continuing the killing looting kidnappings of civilians
The #USAfricaLead‚Ä¶"
38,Rdp138,2022-12-13 19:48:10+00:00,"@POTUS And this is more important than the border, what a disgrace.worst president in history"
39,SelamT30,2022-12-13 19:48:10+00:00,"RT @mehari05: Dear @POTUS ; When you invite @PMEthiopia  while,he has failed to End the siege on #Tigray imposed by himself , he has failed‚Ä¶"
40,ncd4jp,2022-12-13 19:48:10+00:00,"RT @POTUS: Today, I sign the Respect for Marriage Act into law ‚Äì a landmark civil rights bill that honors the courage and sacrifice of gene‚Ä¶"
41,LisaAnsell2,2022-12-13 19:48:09+00:00,RT @redivivis1: @EdLaborGOP @virginiafoxx @POTUS https://t.co/H9wvwlumLI
42,Tdf121227,2022-12-13 19:48:09+00:00,"RT @Nebyat70932666: Ethiopia should be withdraw Eritrean troops &amp; Stop , internments &amp; killings of Tigrayans, but instead #Abiy is encourag‚Ä¶"
43,Jav2theJav,2022-12-13 19:48:09+00:00,@SenatorHagerty @SenateGOP @POTUS Resign
44,SeluShare,2022-12-13 19:48:09+00:00,"RT @Letisha81925310: Dear: @POTUS
üá™üá∑|n Soldiers are committing serious human rights violations and abuses, including extrajudicial executio‚Ä¶"
45,raywho52,2022-12-13 19:48:09+00:00,@POTUS You don‚Äôt go grocery shopping. Today a dozen eggs cost $4.00.
46,JeanaWells60,2022-12-13 19:48:09+00:00,@SeldenGADawgs @POTUS All for votes only!! Democrats don't care bout nobody but themselves
47,elu_mk,2022-12-13 19:48:08+00:00,RT @Tsegu1221: The U.S. should work with other veto-power-wielding democracies &amp; the AU &amp; its 55 member states to do what is necessary to s‚Ä¶
48,ZeruTesema,2022-12-13 19:48:08+00:00,"RT @Leti_Tade: #SanctionEthiopia for war crimes against humanity! 
@UNHumanRights
#USAfricaLeadersSummit22 
@BradSherman
@POTUS @SecBlinken‚Ä¶"
49,karchevskyka,2022-12-13 19:48:08+00:00,RT @USApoRusski: .@POTUS: –ù–∏—á–µ–≥–æ –æ–± –£–∫—Ä–∞–∏–Ω–µ –±–µ–∑ –£–∫—Ä–∞–∏–Ω—ã. https://t.co/LxVu9WAcm6
50,desitay1,2022-12-13 19:48:08+00:00,"RT @gwalitomi: During #Tigray War, an estimated 600,000 civilians died, compared to 6,555 in #Ukraine. Five million üá™üáπ|ns have been displac‚Ä¶"
51,SelamT30,2022-12-13 19:48:08+00:00,"RT @AberahmYodit: Dear @POTUS ; When you invite @PMEthiopia  while,he has failed to End the siege on #Tigray imposed by himself , he has fa‚Ä¶"
52,selu_su2,2022-12-13 19:48:07+00:00,"RT @meaza_AG: Dear @POTUS; In Tigray For the past
 2 years, 7 million ppl have been exposed to drone attacks, SGBV, looted medical faciliti‚Ä¶"
53,elu_mk,2022-12-13 19:48:07+00:00,"RT @Tsegu1221: The U.S. &amp; its allies in the West are fortifying their relations with many other gov'ts, including authoritarian regimes acc‚Ä¶"
54,werki_tdf,2022-12-13 19:48:07+00:00,"RT @meazaaxum: ‚ÄúTigray demands Justice""
Why is Z international community watching while Eritrean forces are
‚ö†Ô∏èMassacring civilians
‚ö†Ô∏èRaping‚Ä¶"
55,LiliGwali,2022-12-13 19:48:07+00:00,"RT @mehari05: Dear @POTUS ; 
Eritrean troops are still in Tigray continuing the  killing ,looting kidnappings of civilians .
The  #USAfrica‚Ä¶"
56,Abadit__hayelom,2022-12-13 19:48:06+00:00,"RT @GueshMela: How is a man who committed genocide rewarded? @POTUS your adminstration shameful !
No respects for international laws and po‚Ä¶"
57,elsapoverde72,2022-12-13 19:48:06+00:00,@POTUS Where are you shopping Mr. President? Nothing is going down where I shop!
58,ItsKatC_45,2022-12-13 19:48:06+00:00,@MysticSpiral_13 @JessicaBanner13 @POTUS @JoeBiden Because he is serving a legitimate sentence for killing two people by driving into them. He is not illegally detained!
59,JoeBee1257,2022-12-13 19:48:06+00:00,"RT @POTUS: This morning, we received another reason to be optimistic going into the new year.

We learned that last month inflation came do‚Ä¶"
60,SelamT30,2022-12-13 19:48:06+00:00,"RT @Mesi25hr: Remember || #TigrayGenocide

Fifteen soldiers raped her over the course of a week, says Eyerus, &amp; know she doesn't know where‚Ä¶"
61,theredman7707,2022-12-13 19:48:06+00:00,@shanejett @deejax66 @POTUS Tbh it's kinda funny to watch people get mad about this.   I know what you trying to do but that verse has absolutely nothing to do with marriage.
62,RichardStLMO,2022-12-13 19:48:06+00:00,"RT @POTUS: If there is one message that breaks through from today, it's that this law ‚Äì and the love it defends ‚Äì strikes a blow against ha‚Ä¶"
63,Atkinsonles665,2022-12-13 19:48:05+00:00,"@POTUS You should be,   impeachment impending !"
64,NeneRose56,2022-12-13 19:48:05+00:00,"RT @POTUS: Today, I sign the Respect for Marriage Act into law ‚Äì a landmark civil rights bill that honors the courage and sacrifice of gene‚Ä¶"
65,Samrawitkalayu7,2022-12-13 19:48:05+00:00,RT @Yohanes45682079: The main reason for president @WilliamsRuto visit to Asmara was to deliver the AU demand that withdrawal of ‚§µÔ∏è #Eritre‚Ä¶
66,selu_su2,2022-12-13 19:48:05+00:00,RT @meaza_AG: Dear @POTUS  ; üá™üáπ &amp; #Eritrea was used Rape &amp; siege shamelessly for the last TWO years . Still üá™üá∑ n troops are in #Tigray comm‚Ä¶
67,brhan50964202,2022-12-13 19:48:05+00:00,"RT @Tigrayl6: Dear @POTUS ; 
Eritrean troops are still in Tigray continuing the  killing ,looting kidnappings of civilians .
The  #USAfrica‚Ä¶"
68,Danait70,2022-12-13 19:48:04+00:00,RT @RigatGrmay: Dear @POTUS The #USAfricaLeadersSummit22 must include a meaningful discussion on #TigrayGenocide. The systematic destructio‚Ä¶
69,humblelife62,2022-12-13 19:48:04+00:00,@POTUS https://t.co/1aJ5YhMdWC
70,desitay1,2022-12-13 19:48:04+00:00,"RT @gwalitomi: Dear @_AfricanUnion @UNGeneva
@POTUS @EU_Commission @NATO @SenateForeign When is enough?

Isn't the
üö©Death of +600,000
üö©Rape‚Ä¶"
71,ZerayFera,2022-12-13 19:48:04+00:00,"‚ÄúI want the world to hear my story &amp; Tigray‚Äôs women's story,hear our cries
‚ö†Ô∏èWe need medical &amp;psychological assistance urgently
‚ö†Ô∏èHelp us get justice"" said Melat*

So dear @_AfricanUnion @POTUS @UN_Women @eu_echo seek
#Justice4TigraysWomenAndGirls 
@ZerayFera https://t.co/HG8gId8Aep"
72,DianellaNunes,2022-12-13 19:48:04+00:00,@SenSchumer @POTUS Screw diversity. How about qualified people.
73,novel_hadush,2022-12-13 19:48:04+00:00,"RT @MuluDegol: Ethiopia should be withdraw Eritrean troops &amp;Stop , internments &amp; killings of Tigrayans, but instead #Abiy is encouraging it‚Ä¶"
74,SelamT30,2022-12-13 19:48:04+00:00,"RT @HayatiSelam: üò≠1/10
Hundreds of thousands of people displaced by conflict in üá™üáπs Tigray region have gone without health care, food &amp; ele‚Ä¶"
75,LOVE2UNIQUE,2022-12-13 19:48:04+00:00,RT @dw_environment: This is the third time the Keystone pipeline has spill several thousand parerels of crude since it first opened in 2010‚Ä¶
76,Abadit__hayelom,2022-12-13 19:48:04+00:00,RT @GueshMela: @davidvolodzko The shameful of @POTUS leadership rewarded this genocidal man. He is a accountable of  #TigrayGenocide . @Whi‚Ä¶
77,elu_mk,2022-12-13 19:48:03+00:00,"RT @arsu_2222: In his remarks to the 77th Session of the @UN General Assembly on Sept. 21, President @POTUS made a surprising pronouncement‚Ä¶"
78,ZeruTesema,2022-12-13 19:48:03+00:00,"RT @Leti_Tade: Six weeks after the peace deal, the presence of Eritrean troops in Tigray continue. Eritrean troops continue to commit atroc‚Ä¶"
79,AGJJUSDIFFERENT,2022-12-13 19:48:03+00:00,ü§Øüó£Ô∏èBeyond rough AMüôåüèæ #DShea @NYPDPC @NYCPBA / THEIRüó£Ô∏èSPY ASS RETALIATING COINTELPROING CONSPIRING COPS/@NewYorkStateAG @CivilRights DELAYS ARE NO GOOD!THE CORRUPT GOV'T MACHINE IS MACHINING @NYCLU !I seen aüêã 1st timeü§Ø #AUTOPILOT #3yrs+2LONG #STOPTHEDELAYSANDCOVERUPS @POTUS @VP https://t.co/nOtpKB0qBH
80,JamesPatenaude,2022-12-13 19:48:03+00:00,@GavinNewsom @POTUS @GOPLeader Did she let you watch‚Ä¶?
81,54321Truth,2022-12-13 19:48:03+00:00,"@ADL @POTUS Too bad Jesus did not have the 1st Amendment to protect his speech... 2,000 years later the same people are still banning free speech...  1 Thessalonians 2:14-16"
82,TonyGol22969618,2022-12-13 19:48:03+00:00,@MiaCathell @sues86453 Thanks Joe! @POTUS
83,scquid,2022-12-13 19:48:03+00:00,"RT @jeremymarrell: They started playing love on top at the white house while we wait for @potus to sign the #RespectForMarriageAct. 

My bi‚Ä¶"
84,Luvlylayy,2022-12-13 19:48:03+00:00,RT @POTUS: It isn‚Äôt every day that you meet your heroes. https://t.co/RXl5kyWbAW
85,LisaAnsell2,2022-12-13 19:48:03+00:00,"RT @KP4NC: @EdLaborGOP @virginiafoxx @POTUS Well, Virginia is literally taking money from student loan profiteers. 

Why would anyone liste‚Ä¶"
86,SelamT30,2022-12-13 19:48:02+00:00,RT @free_tigr: Dear @POTUS ; Abiy &amp; Isaias  are violating all human rights values in their #TigrayGenocide project. On the #USAfricaLeaders‚Ä¶
87,Heav_en1,2022-12-13 19:48:02+00:00,"RT @RahelGualSeguh: ‚ÄúThey need the right post-traumatic care, a platform to speak about their experiences &amp; they need appropriate
üö©Investig‚Ä¶"
88,Agame62567061,2022-12-13 19:48:02+00:00,"RT @tsiondtm: Shame on @POTUS for upraising a genocider. 

Might aswell give him a second @NobelPrize ü§Æ https://t.co/MAjGxaFaIa"
89,DawitAmanuel19,2022-12-13 19:48:02+00:00,RT @gebrhiowt_yisak: The on-going#7Ô∏è‚É£6Ô∏è‚É£5Ô∏è‚É£DaysOfTigrayGenocide üíîby Roman Debotch is coming to Denver Sunday Nov 13!Watch with us as the fi‚Ä¶
90,OHAKIANI,2022-12-13 19:48:02+00:00,RT @humanityhopeor1: Why were multiple illegal FIR‚Äôs filed against my father in your constituency for ‚Äúfreedom of expression?‚Äù Do the same‚Ä¶
91,werki_tdf,2022-12-13 19:48:02+00:00,"RT @anter_gol: Dear @POTUS ;
your leadership should listen to the stories of the victims of #TigrayGenocide and stand by them, #Eritrea &amp; #‚Ä¶"
92,i_descendant,2022-12-13 19:48:01+00:00,@POTUS https://t.co/rxgKV0pGLn
93,Danait70,2022-12-13 19:48:01+00:00,"RT @Lillyanapk: Ethiopia should be withdraw Eritrean troops &amp;Stop, internments &amp; killings of Tigrayans, but instead #Abiy is encouraging it‚Ä¶"
94,TondaSaidWhat,2022-12-13 19:48:01+00:00,"RT @POTUS: Today, I sign the Respect for Marriage Act into law ‚Äì a landmark civil rights bill that honors the courage and sacrifice of gene‚Ä¶"
95,PeltierHQ,2022-12-13 19:48:00+00:00,"Have you heard Leonard‚Äôs voice before today?

UNLOCK the #ColemanPenitentiary doors for our 78yo Elder.

WE OWE IT to Justice and stifle ALL injustices. @LaCasaBlanca @POTUS @FLOTUS @DrBiden @WHCOS

#FreeLeonardPeltier #FreePeltier #RiseUpPeltier

@McKiernanKevin audio interview. https://t.co/vQsQSlRBA2"
96,Whyuliesomuch,2022-12-13 19:48:00+00:00,@ProudElephantUS @POTUS For what? You should ask your parents how many times you were dropped on your head as a child. #MAGAMorons #TraitorsSupportTraitorTrump #GOPClownShow
97,AgamawitM,2022-12-13 19:48:00+00:00,"RT @MengsteabAbraha: –¶—ñ –≤–µ–¥–∞—é—Ü—å –ê–º–µ—Ä—ã–∫–∞–Ω—Å–∫–∞—è –∞–∫–∞–¥—ç–º—ñ—è –¥–∞—Å—è–≥–Ω–µ–Ω–Ω—è—û —ñ –ö–∞–∞–ª—ñ—Ü—ã—è –≥–ª–∞–±–∞–ª—å–Ω–∞–π –Ω–∞–¥–∑–µ—ñ, —à—Ç–æ –ê–±—ñ–π –ê—Ö–º–µ–¥ –±—ã—û –∞—û—Ç–∞—Ä–∞–º —ñ –≤—ã–∫–∞–Ω–∞—û—Ü–∞–º —Ä–∞—Å‚Ä¶"
98,elu_mk,2022-12-13 19:48:00+00:00,RT @arsu_2222: A concrete measure toward the realization of such a major transformation in the U.N. power structure would be for the U.S. t‚Ä¶
99,SelamT30,2022-12-13 19:47:59+00:00,"RT @MEAZI_5: Dear @POTUS;
#Ethiopia &amp; Eritrea are  responsible for a wide range of human rights violations under the African Charter on Hum‚Ä¶"
100,Tdf121227,2022-12-13 19:47:59+00:00,"RT @TitiEyi: Dear @POTUS ;
your leadership should listen tothe stories of the victims of #TigrayGenocide and standby them, #Eritrea &amp; #Ethi‚Ä¶"
101,sparklengem,2022-12-13 19:47:59+00:00,"RT @POTUS: Today, I sign the Respect for Marriage Act into law ‚Äì a landmark civil rights bill that honors the courage and sacrifice of gene‚Ä¶"
102,ZeruTesema,2022-12-13 19:47:59+00:00,"RT @Leti_Tade: Six weeks after the peace deal, the presence of Eritrean troops in Tigray continue. Eritrean troops continue to commit atroc‚Ä¶"
103,JCapGal65,2022-12-13 19:47:59+00:00,"RT @ltgrusselhonore: get off their slow Azz and direct all power stations to meet federal standards for security, with area cameras, sensor‚Ä¶"
104,lhelli1,2022-12-13 19:47:58+00:00,"RT @POTUS: This morning, we received another reason to be optimistic going into the new year.

We learned that last month inflation came do‚Ä¶"
105,elu_mk,2022-12-13 19:47:58+00:00,"RT @Tsegu1221: üåçAct Now
üëâEritrean forces continue to kill civilians in Tigray region ofüá™üáπ,despite the ceasefire between Z parties.
‚ö†Ô∏èWhy is‚Ä¶"
106,SelamT30,2022-12-13 19:47:58+00:00,"RT @meazaaxum: üåçAct Now
Dear @POTUS: #Abiy Ahmed‚Äôs deliberate policy of weaponizing hunger,is a violation of int'l human rights law &amp;contra‚Ä¶"
107,Galgebru,2022-12-13 19:47:57+00:00,RT @ShaseTrack: The main reason for president @WilliamsRuto visit to Asmara was to deliver the AU demand that withdrawal of ‚§µÔ∏è #EritreaOutO‚Ä¶
108,AberahmYodit,2022-12-13 19:47:57+00:00,RT @Heav_en1: The Ethiopian govt &amp;amp; @AbiyAhmedAli are leading the bloodiest genocidal war of the 21st century and should be held account‚Ä¶
109,meaza_AG,2022-12-13 19:47:57+00:00,"RT @MuluDegol: Ethiopia should be withdraw Eritrean troops &amp;Stop , internments &amp; killings of Tigrayans, but instead #Abiy is encouraging it‚Ä¶"
110,brhan50964202,2022-12-13 19:47:57+00:00,"RT @HewaniW: Dear @POTUS ; 
An objective of the @_AfricanUnion is to‚Äúpromote the unity &amp; solidarity of the African States‚Äù&amp; instead they‚Äôve‚Ä¶"
111,OkwaraRowland,2022-12-13 19:47:57+00:00,RT @ChinasaNworu: #Biafrans Watch this and put  this clip in your archives for record purposes. @real_IpobDOS @mfa_russia @ForeignAffairs @‚Ä¶
112,pairunoyd,2022-12-13 19:47:57+00:00,@POTUS The deadliest shooting in America targeted gay people. It came during the Obama administration and after the Supreme Court decided in favor of gay marriage.
113,SueMill05309758,2022-12-13 19:47:57+00:00,"RT @AndrewJBates46: üá∫üá∏ @POTUS: ""In a world where inflation is rising in double digits in many major economies around the world, inflation i‚Ä¶"
114,Heav_en1,2022-12-13 19:47:56+00:00,"RT @mehari05: Dear @POTUS ; 
An objective of the @_AfricanUnion is to‚Äúpromote the unity &amp; solidarity of the African States‚Äù&amp; instead they‚Äôv‚Ä¶"
115,Lou_ell_ah,2022-12-13 19:47:56+00:00,@RonenRubinstein @POTUS @DrBiden ‚ù§Ô∏èü´Ç
116,Abrehettt,2022-12-13 19:47:56+00:00,"RT @MargMar80017297: ‚ÄúAt the heart of the region‚Äôs recent travails, though, lies Eritrea. In 2020 its veteran dictator, Issaias Afwerki, th‚Ä¶"
117,leroy1885,2022-12-13 19:47:56+00:00,"@POTUS .@potus FACT. If you hadn't screwed up our energy policy 2 years ago, inflation would barely exist. Now you want to get our oil from the dictator state of Venezuela when we have more oil than anyone. Traitor."
118,elu_mk,2022-12-13 19:47:56+00:00,RT @arsu_2222: A coalition of this kind could also exert pressure on China &amp; Russia to ensure the Security Council consistently acts to bri‚Ä¶
119,Selina18395147,2022-12-13 19:47:56+00:00,"RT @lily_tesfay: Six weeks after the peace deal, the presence of Eritrean troops in Tigray continue. Eritrean troops continue to commit atr‚Ä¶"
120,Abadit__hayelom,2022-12-13 19:47:56+00:00,RT @zewdu_mawcha: Dear @POTUS ;seeing Z Horn of Africa in conflict under Züá™üáπn &amp;üá™üá∑n gov‚Äôts should be alarming to Z IC.We need On the #USAfri‚Ä¶
121,DianeMa56751224,2022-12-13 19:47:56+00:00,"RT @POTUS: Americans can see our economic progress while driving down the street, finding relief at the pump as gas prices fall.
 
As they‚Ä¶"
122,SelamT30,2022-12-13 19:47:56+00:00,RT @Hana40454030: Dear @POTUS ; The #USAfricaLeadersSummit22 must prioritize humanity. Tigray is being denied basic services. #US &amp; #AU lea‚Ä¶
123,selu_su2,2022-12-13 19:47:56+00:00,"RT @Tsegu1221: 10/10
‚ÄúThey need the right post-traumatic care, a platform to speak about their experiences &amp; they need appropriate
üö©Investi‚Ä¶"
124,TigrayM16,2022-12-13 19:47:55+00:00,"RT @ZAlemayu: Dear @POTUS ; When you invite @PMEthiopia  while,he has failed to End the siege on #Tigray imposed by himself , he has failed‚Ä¶"
125,Zaryk_vonderk,2022-12-13 19:47:55+00:00,@MattHill46 @AndrewJBates46 @POTUS üëä‚úäüí™üíô
126,Baadoooom,2022-12-13 19:47:55+00:00,"RT @sakourajaan: @PanahiRafiq @banannafish @UNHumanRights @amnesty @ABaerbock 
@JustinTrudeau 
@EmmanuelMacron 
@OlafScholz 
@UNGeneva 
@UN‚Ä¶"
127,LiliGwali,2022-12-13 19:47:55+00:00,"RT @zewdu_mawcha: In Ethiopia,the U.S.response has been defined by a lack of any meaningful action to protect human rights, @lizzyshackelfo‚Ä¶"
128,STLRuthie68,2022-12-13 19:47:55+00:00,"RT @POTUS: Americans can see our economic progress while driving down the street, finding relief at the pump as gas prices fall.
 
As they‚Ä¶"
129,wegahtta,2022-12-13 19:47:55+00:00,"RT @meazaaxum: üåçAct Now
While Z situation for displaced ppl in Tigray is difficult, it is far worse for ppl living in areas outside of Tigr‚Ä¶"
130,meazaaxum,2022-12-13 19:47:55+00:00,"üá®üá≥ üá∑üá∫ openly supports mercenaries involved in coups, &amp; mobilizes state &amp; non-state actors that R hellbent on putting themselves in power including by committing atrocities &amp; using massive misinformation campaigns.
üëâ#TigrayGenocide @SecBlinken @POTUS @UN 
https://t.co/jC1wPJ2onA"
131,Samrawitkalayu7,2022-12-13 19:47:55+00:00,"RT @YAb4q4T: In Ethiopia, the U.S. response has been defined by a lack of any meaningful action to protect human rights, @lizzyshackelfor s‚Ä¶"
132,macaulay59031,2022-12-13 19:47:55+00:00,"@POTUS Gas may be going down but that is because of supply and demand. Food prices are going through the roof.  All because of your policies.  You are not a good president and things are not getting better. Look outside your office and for God's sake, go to the actual border."
133,WISuperstar,2022-12-13 19:47:54+00:00,"RT @rweingarten: What @FLOTUS &amp; @POTUS have done in words and deeds is to create hope for a future, and in real time, in a real way, showin‚Ä¶"
134,Heav_en1,2022-12-13 19:47:54+00:00,RT @marta_nguse: The responsibility for implementing adequate legislative &amp; regulatory policies &amp; building effective African enforcement me‚Ä¶
135,Danait70,2022-12-13 19:47:54+00:00,"RT @Abeba_24: Dear @POTUS ; When you invite @PMEthiopia  while,he has failed to End the siege on #Tigray imposed by himself , he has failed‚Ä¶"
136,SeluShare,2022-12-13 19:47:54+00:00,"RT @brhan69393677: Between Nov,17 &amp; 25, 111 civilians were killed &amp;103 injured by the Eritrean forces, according to a report produced by @U‚Ä¶"
137,scquid,2022-12-13 19:47:54+00:00,RT @FairnessCamp: We‚Äôre excited to join @POTUS Joe Biden at @WhiteHouse for the historic signing of the #RespectForMarriageAct! https://t.c‚Ä¶
138,BernaicheIssiah,2022-12-13 19:47:54+00:00,@POTUS It‚Äôs not civil rights. Good Lord.
139,brhan50964202,2022-12-13 19:47:54+00:00,"RT @MuluDegol: Ethiopia should be withdraw Eritrean troops &amp;Stop , internments &amp; killings of Tigrayans, but instead #Abiy is encouraging it‚Ä¶"
140,desitay1,2022-12-13 19:47:54+00:00,RT @Tsegu1221: Dear @POTUS; The #USAfricaLeadersSummit22 must prioritize humanity.Tigray is being denied basic services. #US &amp; #AU leaders‚Ä¶
141,SelamT30,2022-12-13 19:47:54+00:00,RT @MebrahtuTeka5: Enligt flera rapporter har allvarliga √∂vergrepp beg√•tts i #WesternTigray sedan november/2020 av Amhara Fano med samtycke‚Ä¶
142,SeluShare,2022-12-13 19:47:54+00:00,"RT @brhan69393677: Eritrean forces continuetokillcivilians in Tigray region ofüá™üáπ,despite the ceasefire between the parties.
‚ö†Ô∏èWhy is world‚Ä¶"
143,RogerBa35680021,2022-12-13 19:47:54+00:00,@SecondGentleman @POTUS @VP Who gets to define the difference between free speech and ‚Äúhate‚Äù speech? You? Are you suggesting that individual opinions be outlawed?
144,meaza_AG,2022-12-13 19:47:54+00:00,RT @asge_a: Dear @POTUS ; The #USAfricaLeadersSummit22 must prioritize humanity Tigray is being denied basic services #US &amp; #AU leaders mus‚Ä¶
145,SeluShare,2022-12-13 19:47:54+00:00,RT @brhan69393677: üá™üá∑|n forces have fought alongside the üá™üáπ|n military during the two year conflict in the Tigray region. And it is continu‚Ä¶
146,Abadit__hayelom,2022-12-13 19:47:54+00:00,"RT @zewdu_mawcha: All HumanRights are Equal,but some human rights R more equal than others.Tigray people R still suffering. Mr @POTUS Admin‚Ä¶"
147,temie123,2022-12-13 19:47:54+00:00,RT @Heav_en1: The Ethiopian govt &amp; @AbiyAhmedAli are leading the bloodiest genocidal war of the 21st century and should be held accountable‚Ä¶
148,Abrehettt,2022-12-13 19:47:53+00:00,"RT @MargMar80017297: Ethiopia should be withdraw Eritrean troops &amp; Stop , internments &amp; killings of Tigrayans, but instead #Abiy is encoura‚Ä¶"
149,back_bid,2022-12-13 19:47:53+00:00,"@POTUS I thought it was greedy corporations and not overspending and printing of money that the fed has to cure by raising rates. You're confusing how often you change your bullshit story, i mean story"
150,ZeruTesema,2022-12-13 19:47:53+00:00,"RT @Leti_Tade: #SanctionEthiopia for war crimes against humanity! 

#USAfricaLeadersSummit22 

@POTUS @SecBlinken @SpeakerPelosi @SenateFor‚Ä¶"
151,LesterW51639863,2022-12-13 19:47:53+00:00,@POTUS Yawn. Funny propaganda.
152,novel_hadush,2022-12-13 19:47:53+00:00,RT @asge_a: Dear @POTUS ; The #USAfricaLeadersSummit22 must prioritize humanity Tigray is being denied basic services #US &amp; #AU leaders mus‚Ä¶
153,werki_tdf,2022-12-13 19:47:53+00:00,"RT @standup4tigray_: ‚ÄúI want the world to hear my story &amp; Tigray‚Äôs women's story,hear our cries
üî∂We need medical &amp;psychological assistance‚Ä¶"
154,Jamescwilhelm,2022-12-13 19:47:52+00:00,"@POTUS You are delusional, my man. A joke. Speaking such untruth, Joe, will never make it real. If you think anyone is stupid enough to believe you then you are living in a dream that only you can see."
155,Danait70,2022-12-13 19:47:52+00:00,RT @TigrayM16: Dear @POTUS  ; üá™üáπ &amp; #Eritrea was used Rape &amp; siege shamelessly for the last TWO years . Still üá™üá∑ n troops are in #Tigray com‚Ä¶
156,Heav_en1,2022-12-13 19:47:52+00:00,"RT @GwaliJinita: –£ –¢—ã–≥—Ä–∞—ñ —ç—Ä—ã—Ç—Ä—ç–π—Å–∫—ñ—è —Å—ñ–ª—ã —ñ —Ä—ç–≥—ñ—è–Ω–∞–ª—å–Ω—ã—è –∞–ø–∞–ª—á—ç–Ω—Ü—ã, –∞ —Ç–∞–∫—Å–∞–º–∞ —û–∑–±—Ä–æ–µ–Ω—ã—è —Å—ñ–ª—ã –≠—Ñ—ñ–æ–ø—ñ—ñ –∞–±—Å—Ç—Ä–∞–ª—è–ª—ñ, —Ä–∞–∑—Ä–∞–±–∞–≤–∞–ª—ñ —ñ —Ä–∞–∑–±—É—Ä—ã–ª—ñ –±‚Ä¶"
157,RenegadeXFarmer,2022-12-13 19:47:52+00:00,RT @NathanMCline74: @POTUS https://t.co/IjK4c6m19h
158,desitay1,2022-12-13 19:47:52+00:00,RT @Tsegu1221: Dear @POTUS; Abiy &amp; Isaias  are violating all human rights values in their #TigrayGenocide project.On the #USAfricaLeadersSu‚Ä¶
159,brhan50964202,2022-12-13 19:47:52+00:00,RT @mehari05: Dear @POTUS ; The #USAfricaLeadersSummit22 must prioritize humanity. Tigray is being denied basic services. #US &amp; #AU leaders‚Ä¶
160,westieTX,2022-12-13 19:47:52+00:00,"RT @DSDOConnor: @POTUS Dear ""Catholic"" Mr. Biden -- see today's first reading at Mass. https://t.co/aPvwOS9uVv"
161,temie123,2022-12-13 19:47:52+00:00,"RT @Heav_en1: Ethiopia committed mass killings, sexual violence and military targeting of civilians.

#SanctionEthiopia 
#USAfricaLeadersSu‚Ä¶"
162,WediGebremicha1,2022-12-13 19:47:52+00:00,"RT @ZAYED_4_TIGRAY: It is been +2 years since war broke out, which has resulted
üö©Hundreds of thousands of lives lost
üö©Unimaginable atrociti‚Ä¶"
163,Abadit__hayelom,2022-12-13 19:47:51+00:00,"RT @zewdu_mawcha: In Tigray,hospitals,schools, factories,&amp; businesses were shelled,looted,&amp; destroyed by üá™üáπ n forces &amp; regional militias, &amp;‚Ä¶"
164,awtach,2022-12-13 19:47:51+00:00,"RT @Samrawitkalayu7: WHERE IS CLEAR MESSAGE OF @POTUS? 
Despots &amp; war criminals have no place in the U.S.-Africa summit,&amp; the summit should‚Ä¶"
165,RichNascak,2022-12-13 19:47:51+00:00,"@jarradtruog @4n4rc15t @3SpeedHolster @QueBallla @NewtownAction @davidhogg111 @POTUS @AMarch4OurLives @bradybuzz @CJACTIONFUND @GunsDownAmerica @fred_guttenberg @march_fourth_ @stophandguns @MomsRising @votevets It wasn't a ban. In fact, the Attorney General stated a ban would likely lead to a constitutional challenge. Instead, he authorized a federal tax instead."
166,meaza_AG,2022-12-13 19:47:51+00:00,"RT @Winasami1: –£ –¢—ã–≥—Ä–∞—ñ —ç—Ä—ã—Ç—Ä—ç–π—Å–∫—ñ—è —Å—ñ–ª—ã —ñ —Ä—ç–≥—ñ—è–Ω–∞–ª—å–Ω—ã—è –∞–ø–∞–ª—á—ç–Ω—Ü—ã, –∞ —Ç–∞–∫—Å–∞–º–∞ —û–∑–±—Ä–æ–µ–Ω—ã—è —Å—ñ–ª—ã –≠—Ñ—ñ–æ–ø—ñ—ñ –∞–±—Å—Ç—Ä–∞–ª—è–ª—ñ, —Ä–∞–∑—Ä–∞–±–∞–≤–∞–ª—ñ —ñ —Ä–∞–∑–±—É—Ä—ã–ª—ñ –±–∞–ª‚Ä¶"
167,Abrehettt,2022-12-13 19:47:51+00:00,"RT @MargMar80017297: Dear @POTUS ; When you invite @PMEthiopia  while,he has failed to End the siege on #Tigray imposed by himself , he has‚Ä¶"
168,Amberturd1776,2022-12-13 19:47:51+00:00,"RT @brokebackUSA: Joe Biden invited a groomer drag queen @MartiGCummings to represent the LGBT Community at the White House today.

On beha‚Ä¶"
169,DawitAmanuel19,2022-12-13 19:47:51+00:00,"RT @DawitDigital: 1/15
WHERE IS CLEAR MESSAGE OF @POTUS? 
Despots &amp; war criminals have no place in the U.S.-Africa summit,&amp; the summit shou‚Ä¶"
170,Samrawitkalayu7,2022-12-13 19:47:51+00:00,"RT @Danait70: While Z situation for displaced people in Tigray is difficult,itis farworse for people living in areas outside ofTigray‚Äôs mai‚Ä¶"
171,SeluShare,2022-12-13 19:47:51+00:00,"RT @brhan69393677: What is world waiting for? is humanity alive anymore?

If so we urge @IntlCrimCourt @UN
@_AfricanUnion @EUCouncil @POTUS‚Ä¶"
172,Galgebru,2022-12-13 19:47:51+00:00,RT @NetsiGual: Millions starving &amp; thousands being massacred in #Tigray.on #USAfricaLeadersSummit The @POTUS must pressure üá™üáπ to withdraw E‚Ä¶
173,KCWsunshine,2022-12-13 19:47:51+00:00,"@POTUS Praying for the eyes and minds d of our Nation to be opened to truth.
Marriage is God‚Äôs creation stop messing with it!!!"
174,werki_tdf,2022-12-13 19:47:51+00:00,RT @anter_gol: Dear @POTUS ; Abiy &amp; Isaias  are violating all human rights values in their #TigrayGenocide project. On the #USAfricaLeaders‚Ä¶
175,TheBogiebuster,2022-12-13 19:47:50+00:00,"RT @SenSchumer: Senate Democrats have confirmed 95 of @POTUS's highly qualified and diverse judicial nominees to the federal bench:

About‚Ä¶"
176,clepro,2022-12-13 19:47:50+00:00,@BJCaliGirlWitch @RedState @POTUS Griner is a she.
177,mewarner1960,2022-12-13 19:47:50+00:00,@POTUS Lying sack of ...
178,bustos_r5,2022-12-13 19:47:50+00:00,@SebGorka @POTUS https://t.co/DYeyymuhRT
179,desitay1,2022-12-13 19:47:50+00:00,"RT @Tsegu1221: Dear @POTUS ; 
Eritrean troops are still in Tigray continuing the  killing ,looting kidnappings of civilians .
The  #USAfric‚Ä¶"
180,TigrayM16,2022-12-13 19:47:50+00:00,"RT @Hana40454030: Dear @POTUS ; When you invite @PMEthiopia  while,he has failed to End the siege on #Tigray imposed by himself , he has fa‚Ä¶"
181,GetIndieNews,2022-12-13 19:47:50+00:00,RT @jesse_jett: @POTUS @RepLoisFrankel @RepCheri @SenGillibrand @maziehirono #IBelieveTaraReade
182,Abadit__hayelom,2022-12-13 19:47:50+00:00,RT @zewdu_mawcha: On Z #USAfricaLeadersSummit gross&amp; Egregious human rights violations R continue in #Tigray.We R calling on Z @POTUS Admin‚Ä¶
183,JacqueCoward,2022-12-13 19:47:49+00:00,@SpikeStang @ASanMigMMA @JessicaBanner13 @POTUS Not true.
184,awtach,2022-12-13 19:47:49+00:00,"RT @Samrawitkalayu7: üá®üá≥ üá∑üá∫ openly supports mercenaries involved in coups, &amp; mobilizes state &amp; non-state actors that are hellbent on putting‚Ä¶"
185,temie123,2022-12-13 19:47:49+00:00,RT @Heav_en1: The Ethiopian govt &amp;amp; @AbiyAhmedAli are leading the bloodiest genocidal war of the 21st century and should be held account‚Ä¶
186,Baadoooom,2022-12-13 19:47:49+00:00,"RT @Maryyya7121: @PanahiRafiq @UNHumanRights @amnesty Urgent &amp; time sensitive: 

#Iran #IranRevolution 
@UNHumanRights @POTUS @JustinTrudea‚Ä¶"
187,brhan50964202,2022-12-13 19:47:49+00:00,"RT @Letush05907142: Dear @POTUS ; 
An objective of the @_AfricanUnion is to‚Äúpromote the unity &amp; solidarity of the African States‚Äù&amp; instead‚Ä¶"
188,ZeruTesema,2022-12-13 19:47:49+00:00,"RT @Leti_Tade: Six weeks after the peace deal, the presence of Eritrean troops in Tigray continue. Eritrean troops continue to commit atroc‚Ä¶"
189,awtach,2022-12-13 19:47:48+00:00,RT @Samrawitkalayu7: The responsibility for implementing adequate legislative &amp; regulatory policies &amp; building effective African enforcemen‚Ä¶
190,LiliGwali,2022-12-13 19:47:48+00:00,"RT @SELAMTDF1: ""üåè""On this‚û°Ô∏è#GenocidePreventionDay don‚Äôt forget #Tigrayans Women and girls who‚Äôve faced brutal forms of sexual violence by‚Ä¶"
191,TigrayM16,2022-12-13 19:47:48+00:00,"RT @Letush05907142: Dear @POTUS ; 
An objective of the @_AfricanUnion is to‚Äúpromote the unity &amp; solidarity of the African States‚Äù&amp; instead‚Ä¶"
192,DawitAmanuel19,2022-12-13 19:47:48+00:00,RT @meaza_AG: Dear @POTUS on the #USAfricaLeadersSummit US &amp; AU leaders must verify the withdrawal of #Eritrea‚Äôn forces to ensure  the stab‚Ä¶
193,cynthiakiker,2022-12-13 19:47:48+00:00,"RT @RitchieTorres: Last week, I stood by ‚Å¶@SpeakerPelosi‚Å© as she signed the Respect for Marriage Act.  

Today, I will have the honor of wi‚Ä¶"
194,Xtrada08,2022-12-13 19:47:48+00:00,"RT @POTUS: Today, I sign the Respect for Marriage Act into law ‚Äì a landmark civil rights bill that honors the courage and sacrifice of gene‚Ä¶"
195,desitay1,2022-12-13 19:47:48+00:00,RT @Tsegu1221: Dear @POTUS : on the #USAfricaLeadersSummit US &amp; AU leaders must verify the withdrawal of #Eritrea‚Äôn forces to ensure  the s‚Ä¶
196,temie123,2022-12-13 19:47:48+00:00,"RT @Heav_en1: Six weeks after the peace deal, the presence of Eritrean troops in Tigray continue. Eritrean troops continue to commit atroci‚Ä¶"
197,AberahmYodit,2022-12-13 19:47:48+00:00,"RT @Heav_en1: This is what the likes of @SecBlinken are aiding &amp; abetting. If the slaughter &amp; starvation of more than 600,000 civilians wer‚Ä¶"
198,Danait70,2022-12-13 19:47:48+00:00,RT @zewdu_mawcha: On the #USAfricaLeadersSummit gross &amp; Egregious human rights violations are continue in #Tigray. We are calling on the @P‚Ä¶
199,Samrawitkalayu7,2022-12-13 19:47:47+00:00,"RT @zewdu_mawcha: When US hosting #USAfricaLeadersSummit  
@POTUS should push for the withdraw of #Eritrean troops&amp; an immediate independen‚Ä¶"
200,Tracey137695622,2022-12-13 19:47:47+00:00,@POTUS Your gross
201,Galgebru,2022-12-13 19:47:47+00:00,"RT @NetsiGual: Tigray War has received 368,000 stories in media globally over TWO years, @lizzyshackelfor said. Meanwhile, since just Febru‚Ä¶"
202,Heav_en1,2022-12-13 19:47:47+00:00,"RT @Letush05907142: Dear @POTUS ; When you invite @PMEthiopia  while,he has failed to End the siege on #Tigray imposed by himself , he has‚Ä¶"
203,UFORobot77,2022-12-13 19:47:47+00:00,@1776Gretchen @WhiteHouse @POTUS W TRUMP!! THE best president of USA
204,scquid,2022-12-13 19:47:47+00:00,"RT @family_equality: WI residents Kim Simes, Chief of Staff, &amp; Shelbi Day, Chief Policy Officer, &amp; their families are so incredibly gratefu‚Ä¶"
205,cotsdi,2022-12-13 19:47:47+00:00,"RT @POTUS: Happy Birthday, @USNationalGuard. https://t.co/BSIvRUNtGx"
206,andy0936158497,2022-12-13 19:47:46+00:00,"@northernauction @mixtorious1 @POTUS kalispell montana, where ive always lived."
207,Ba79076811,2022-12-13 19:47:46+00:00,"RT @rukenturhalli: @ABaerbock 
@JustinTrudeau 
@EmmanuelMacron 
@OlafScholz 
@UNGeneva 
@UN 
@USAmbUN 
@unfoundation 
@HRC 
@humanrights1st‚Ä¶"
208,selu_su2,2022-12-13 19:47:46+00:00,"RT @Tsegu1221: 9/10
Conflict gender-based violence survivors face gossip, Judgement &amp; Victim-blaming, according to Dr. Kassa.

Dear @DrTedr‚Ä¶"
209,Danait70,2022-12-13 19:47:45+00:00,"RT @yemane_birhan: .Ethiopia should be withdraw Eritrean troops &amp; Stop , internments &amp; killings of Tigrayans, but instead #Abiy is encourag‚Ä¶"
210,Joana840714,2022-12-13 19:47:45+00:00,RT @JR64745539: @WhiteHouse @POTUS US Citizens married to undocumented individuals need #HR2920. Our families are suffering and we need our‚Ä¶
211,Abrehettt,2022-12-13 19:47:45+00:00,"RT @MargMar80017297: Dear @POTUS : Abiy Ahmed‚Äôs deliberate policy of weaponizing hunger, is a violation of int'l human rights law and contr‚Ä¶"
212,Selina18395147,2022-12-13 19:47:45+00:00,RT @TsritiTs: Our crises have been ignored for the past two years by the international community while the Eritrean army occupies Tigray &amp;‚Ä¶
213,TaschLogan,2022-12-13 19:47:45+00:00,@POTUS Please resign!!
214,TigrayM16,2022-12-13 19:47:45+00:00,RT @mehari05: Dear @POTUS ; The #USAfricaLeadersSummit22 must prioritize humanity. Tigray is being denied basic services. #US &amp; #AU leaders‚Ä¶
215,picea36,2022-12-13 19:47:45+00:00,RT @humanityhopeor1: Why were multiple illegal FIR‚Äôs filed against my father in your constituency for ‚Äúfreedom of expression?‚Äù Do the same‚Ä¶
216,BathiEthopia,2022-12-13 19:47:44+00:00,"RT @yemane_birhan: .Dear @POTUS ; 
An objective of the @_AfricanUnion is to‚Äúpromote the unity &amp; solidarity of the African States‚Äù&amp; instead‚Ä¶"
217,awtach,2022-12-13 19:47:44+00:00,RT @Samrawitkalayu7: üá®üá≥‚Äôs &amp; üá∑üá∫‚Äôs deflationary role in democracy &amp; accountability of Africa thus extends to the diplomatic arena. Using thei‚Ä¶
218,HdhHsh03065052,2022-12-13 19:47:44+00:00,"RT @Alena4Tigray: 23/25
In Ethiopia, the U.S. response has been defined by a lack of any meaningful action to protect human rights, @lizzys‚Ä¶"
219,DawitAmanuel19,2022-12-13 19:47:44+00:00,RT @TitiEyi: Dear @POTUS ; The #USAfricaLeadersSummit22 must prioritize humanity.Tigray is being denied basic services. #US &amp; #AU leaders m‚Ä¶
220,ZeruTesema,2022-12-13 19:47:44+00:00,"RT @Leti_Tade: #SanctionEthiopia for war crime against humanity!

#USAfricaLeadersSummit22 

@POTUS @SecBlinken @SpeakerPelosi @SenateForei‚Ä¶"
221,desitay1,2022-12-13 19:47:44+00:00,RT @Meritigray4: The main reason for president @WilliamsRuto visit to Asmara was to deliver the AU demand that withdrawal of ‚§µÔ∏è #EritreaOut‚Ä¶
222,Kahssay8,2022-12-13 19:47:44+00:00,Peace under the invaders in #Tigray? How is that possible for humanitarian aid and investigating #TigrayGenocide ? @_AfricanUnion @UNGeneva @UKParliament and @POTUS stop playing games and politics https://t.co/sagNdWu0Va
223,AberahmYodit,2022-12-13 19:47:43+00:00,"RT @Heav_en1: Six weeks after the peace deal, the presence of Eritrean troops in Tigray continue. Eritrean troops continue to commit atroci‚Ä¶"
224,Splatterman36,2022-12-13 19:47:43+00:00,"RT @AndrewJBates46: üá∫üá∏ @POTUS: ""In a world where inflation is rising in double digits in many major economies around the world, inflation i‚Ä¶"
225,SaniKPC,2022-12-13 19:47:43+00:00,@POTUS Marriage should only be between a Man and a Woman. Source: The Bible.
226,dub2284,2022-12-13 19:47:43+00:00,"@POTUS 1. All of those require more oil that a regular vehicle or producing electricity out of coal.
2. You don‚Äôt care about America or American jobs.
3. Your the worst president in American history, your the worst president in American history!
4. Your entire admin is a joke."
227,CliffBuck1307,2022-12-13 19:47:43+00:00,RT @JayeJaybird54: I love this picture so much of our wonderful @POTUS and @FLOTUS with the children. #ToysForTots #HopeCommunityInspiratio‚Ä¶
228,LukeDouglas49,2022-12-13 19:47:43+00:00,"@MeidasTouch If you think @DNC &amp; @POTUS are responsible for price decreases, you're simply wrong. Learn economics.  No party or President has much effect on the economy.  If they did, America would NEVER have a bad economy.  Think about it. ü§£üòÇüòÖüòÜ"
229,Abrehettt,2022-12-13 19:47:42+00:00,RT @MargMar80017297: Dear @POTUS : on the #USAfricaLeadersSummit US &amp; AU leaders must verify the withdrawal of #Eritrea‚Äôn forces to ensure‚Ä¶
230,SelamT30,2022-12-13 19:47:42+00:00,RT @Lillyanapk: Dear @POTUS; The #USAfricaLeadersSummit22 must prioritize humanity.Tigray is being denied basic services. #US &amp; #AU leaders‚Ä¶
231,TuffTiffResists,2022-12-13 19:47:42+00:00,"RT @POTUS: If there is one message that breaks through from today, it's that this law ‚Äì and the love it defends ‚Äì strikes a blow against ha‚Ä¶"
232,lizzard111,2022-12-13 19:47:42+00:00,"RT @POTUS: This morning, we received another reason to be optimistic going into the new year.

We learned that last month inflation came do‚Ä¶"
233,temie123,2022-12-13 19:47:41+00:00,"RT @Heav_en1: Six weeks after the peace deal, the presence of Eritrean troops in Tigray continue. Eritrean troops continue to commit atroci‚Ä¶"
234,DawitAmanuel19,2022-12-13 19:47:41+00:00,"RT @Hana40454030: Ethiopia should be withdraw Eritrean troops &amp; Stop , internments &amp; killings of Tigrayans, but instead #Abiy is encouragin‚Ä¶"
235,Lou_ell_ah,2022-12-13 19:47:41+00:00,"RT @RonenRubinstein: PINCH ME ! Seeya soon @POTUS @DrBiden ü•π
#RespectForMarriageAct üá∫üá∏ https://t.co/UtafjcMAhA"
236,Mamavong_,2022-12-13 19:47:41+00:00,"While I appreciate @POTUS rejecting the idea to send troops there, what‚Äôs the plan? Send it out there and hope for the best? Interfere in the war by training Ukrainian troops how to use it? Russia could/probably would see this as an act of aggression and escalation. https://t.co/kZL2vIUMCC"
237,desitay1,2022-12-13 19:47:41+00:00,"RT @Meritigray4: #Tigray war has featured attacks on hospitals, war crimes, the torture of civilians and rape as a weapon of war. This war‚Ä¶"
238,Esteban5750,2022-12-13 19:47:40+00:00,"@POTUS 7.7% vs 1.5% under Trump.
You‚Äôre a failure."
239,Abrehettt,2022-12-13 19:47:40+00:00,"RT @MargMar80017297: Dear @POTUS ; 
An objective of the @_AfricanUnion is to‚Äúpromote the unity &amp; solidarity of the African States‚Äù&amp; instead‚Ä¶"
240,Danait70,2022-12-13 19:47:40+00:00,RT @MebrahtuTeka5: Enligt flera rapporter har allvarliga √∂vergrepp beg√•tts i #WesternTigray sedan november/2020 av Amhara Fano med samtycke‚Ä¶
241,temie123,2022-12-13 19:47:40+00:00,"RT @Heav_en1: This is what the likes of @SecBlinken are aiding &amp; abetting. If the slaughter &amp; starvation of more than 600,000 civilians wer‚Ä¶"
242,MarkCon91687118,2022-12-13 19:47:40+00:00,"@POTUS We need President Trump
To do that man"
243,TigrayM16,2022-12-13 19:47:40+00:00,"RT @anter_gol: Dear @POTUS ;
your leadership should listen to the stories of the victims of #TigrayGenocide and stand by them, #Eritrea &amp; #‚Ä¶"
244,Romhai_H,2022-12-13 19:47:38+00:00,"RT @AbrhaEyerus: @UN_HRC experts warned¬†that rape has appeared‚Äúto have been used as part of a deliberate strategy to
üö©Terrorize
üö©Degrade &amp;‚Ä¶"
245,Wayne_Hall,2022-12-13 19:47:38+00:00,"RT @POTUS: Happy Birthday, @USNationalGuard. https://t.co/BSIvRUNtGx"
246,equity_peace,2022-12-13 19:47:38+00:00,"RT @POTUS: Americans can see our economic progress while driving down the street, finding relief at the pump as gas prices fall.
 
As they‚Ä¶"
247,AberahmYodit,2022-12-13 19:47:38+00:00,"RT @SabaBiyadglin: Between Nov,17 &amp; 25,111 civilians were killed &amp;103 injured by Z Eritrean forces, according to a report produced by @UN a‚Ä¶"
248,desitay1,2022-12-13 19:47:38+00:00,"RT @HHagush: Tigray war has featured attacks on hospitals, war crimes, the torture of civilians and rape as a weapon of war. This war share‚Ä¶"
249,ZeruTesema,2022-12-13 19:47:38+00:00,"RT @Leti_Tade: Six weeks after the peace deal, the presence of Eritrean troops in Tigray continue. Eritrean troops continue to commit atroc‚Ä¶"
250,Johniky5,2022-12-13 19:47:38+00:00,RT @biafrason77: Mazi Nnamdi Kanu the leader of the indigenous people of Biafra (Ipob) discharge and acquitted by the appeal court we deman‚Ä¶
251,selu_su2,2022-12-13 19:47:38+00:00,"RT @YAb4q4T: ‚ÄúI want the world to hear my story &amp; Tigray‚Äôs women's story,hear our cries
‚ö†Ô∏èWe need medical &amp;psychological assistance urgentl‚Ä¶"
252,rightsofrefusal,2022-12-13 19:47:38+00:00,@oldad1776 @ChaosCupcake99 @SenSchumer @POTUS https://t.co/iN4NNjZjS9
253,spdcfc,2022-12-13 19:47:37+00:00,@historyinmemes Still more coherent than anything @POTUS says
254,scheisse_poster,2022-12-13 19:47:37+00:00,@POTUS https://t.co/BtpHkXb6pe
255,Troop4Christ,2022-12-13 19:47:37+00:00,@buttmilkboy @OccupyFreedomUS @ambrishrk @rgsrwwatch @s_osby @SeldenGADawgs @POTUS https://t.co/OEeMYohgPN
256,fan4fan2,2022-12-13 19:47:36+00:00,RT @Iowa_1776: @POTUS https://t.co/gMFg4Jbrm8
257,temie123,2022-12-13 19:47:36+00:00,RT @Heav_en1: The Ethiopian govt &amp;amp; @AbiyAhmedAli are leading the bloodiest genocidal war of the 21st century and should be held account‚Ä¶
258,KellySw00987099,2022-12-13 19:47:36+00:00,@POTUS IMPEACH
259,sadilove8,2022-12-13 19:47:36+00:00,"@UN_HRC experts warned¬†that rape has appeared ‚Äúto have been used as part of a deliberate strategy to
üö©Terrorize
üö©Degrade &amp;
üö©Humiliate the ethnic minority #Tigrayans, byüá™üáπ|n,üá™üá∑|n &amp;Amhara forces @sadilove8

@POTUS @UN @EUCouncil force
#EritreaOutOfTigray https://t.co/xlWyomWnbA"
260,Zaryk_vonderk,2022-12-13 19:47:35+00:00,"RT @MattHill46: I was a closeted teenager who doubted ever coming out, but when then-VP Biden spoke his mind about same-sex marriage it fel‚Ä¶"
261,AgamawitM,2022-12-13 19:47:35+00:00,"RT @MesiGalTigray6: Dear @POTUS : Abiy Ahmed‚Äôs deliberate policy of weaponizing hunger, is a violation of int'l human rights law and contra‚Ä¶"
262,WediGebremicha1,2022-12-13 19:47:35+00:00,"RT @GueshMela: How is a man who committed genocide rewarded? @POTUS your adminstration shameful !
No respects for international laws and po‚Ä¶"
263,JDK26448744,2022-12-13 19:47:35+00:00,"@tmthurston @jenvanlaar @GavinNewsom @POTUS @GOPLeader Gavin threatened to send illegals across the country. Exploiting them unfortunately had to be done because of lame Dem laws that broke the system and no one would listen. Look in the mirror, you are the problem, this wasn't an issue 2 years ago."
264,WediGebremicha1,2022-12-13 19:47:35+00:00,RT @GueshMela: @davidvolodzko The shameful of @POTUS leadership rewarded this genocidal man. He is a accountable of  #TigrayGenocide . @Whi‚Ä¶
265,fzavala12,2022-12-13 19:47:34+00:00,"RT @GelipeNo: @fzavala12 @potus @joebiden @vp
@sentedcruz @annemilgram
@whitehouse @usembassy
@usagovespanol"
266,RealWizboski,2022-12-13 19:47:34+00:00,@POTUS Wow. That sounds like a blessing when you frame it that way. You think we‚Äôre stupid.
267,TheTylerDrdn,2022-12-13 19:47:34+00:00,@POTUS @CommunityNotes hiii...
268,MureyDennis,2022-12-13 19:47:34+00:00,RT @StateDept: .@POTUS: Nothing about Ukraine without Ukraine. https://t.co/fhjKEXxvrx
269,MarinaBosen,2022-12-13 19:47:33+00:00,"@SenSchumer @POTUS Define ""DIVERSE"""
270,papadave64,2022-12-13 19:47:33+00:00,"üó£üì¢ ùêìùêáùêÑ ùòæùô§ùô™ùô• ùóÆùóªùó± ùó©ùó∂ùóºùóπùó≤ùóªùó∞ùó≤ and ùóòùó¶ùó£ùóúùó¢ùó°ùóîùóöùóò ùòæùôäùôâùôèùôÑùôâùôêùôÄùôé‚ùóÔ∏è

@POTUS @VP @FBI
@TheJusticeDept 
#MerrickGarland
 
ùó™ùóõùóîùóß ùóîùó•ùóò ùó¨ùó¢ùó® ùó™ùóîùóúùóßùóúùó°ùóö ùóôùó¢ùó•‚ùì

‚ö†Ô∏è#ArrestT–ØUMPNow‚ö†Ô∏è

üöî#LockThemAllUpüöî
https://t.co/fGlMd3676A https://t.co/7iKVDlA48r"
271,SamRobertsfly,2022-12-13 19:47:33+00:00,@andy0936158497 @mixtorious1 @POTUS We need our economy back. If you need a hug- go hug someone
272,Raiderjane,2022-12-13 19:47:33+00:00,"RT @SecondGentleman: Hate and antisemitism have no place in America. Under @POTUS and @VP's leadership, we are developing a national strate‚Ä¶"
273,Christ_Will_Iam,2022-12-13 19:47:33+00:00,"@BarackObama I am WAITING for the TRUTH!

@POTUS I thought you had faith?"
274,selu_su2,2022-12-13 19:47:33+00:00,"RT @YAb4q4T: @UN_HRC experts warned¬†that rape has appeared ‚Äúto have been used as part of a deliberate strategy to
üö©Terrorize
üö©Degrade &amp;
üö©Hu‚Ä¶"
275,william_hoelbl,2022-12-13 19:47:33+00:00,@POTUS We can‚Äôt feed our families with cost of everything. Your not the president never have been never will be take a hike old man.
276,Samrawitkalayu7,2022-12-13 19:47:32+00:00,"RT @DesiTigray: Dear: @POTUS @SecBlinken
üá™üá∑|n Soldiers are committing serious human rights violations and abuses, including extrajudicial e‚Ä¶"
277,Abadit__hayelom,2022-12-13 19:47:32+00:00,"RT @susutigraweit: In üá™üáπ, the U.S. response has been defined by a lack of any meaningful action to protect #HumanRights, @lizzyshackelfor s‚Ä¶"
278,Galenajim1,2022-12-13 19:47:32+00:00,@dem_olsher @TheDietCokeBtn @catturd2 @POTUS You changed the subject sir. The bill you called shit provided for paid leave and it had full Democratic support in the Senate but the GOP wouldn‚Äôt vote for it and it couldn‚Äôt get past the 60 votes needed for approval. Biden sided with the whole country to prevent a strike.
279,AshbySteve,2022-12-13 19:47:32+00:00,@POTUS Because your corporate cronies have all the money now.
280,ZerayFera,2022-12-13 19:47:31+00:00,"‚ÄúI want the world to hear my story &amp; Tigray‚Äôs women's story,hear our cries
‚ö†Ô∏èWe need medical &amp;psychological assistance urgently
‚ö†Ô∏èHelp us get justice"" said Melat*

So dear @_AfricanUnion @POTUS @UN_Women @eu_echo seek
#Justice4TigraysWomenAndGirls
@ZerayF https://t.co/19abFpPYnA"
281,Romhai_H,2022-12-13 19:47:31+00:00,RT @Lillyanapk: The U.S. should work with other veto-power-wielding democracies &amp; the AU &amp; its 55 member states to do what is necessary to‚Ä¶
282,rej0604,2022-12-13 19:47:31+00:00,RT @StateDept: .@POTUS: Nothing about Ukraine without Ukraine. https://t.co/fhjKEXxvrx
283,AgamawitM,2022-12-13 19:47:31+00:00,RT @MargMar80017297: .On the #USAfricaLeadersSummit gross &amp; Egregious human rights violations are continue in #Tigray. We are calling on th‚Ä¶
284,AberahmYodit,2022-12-13 19:47:30+00:00,"RT @SabaBiyadglin: Eritrean forces continue to kill civilians in Tigray region ofüá™üáπ, despite the ceasefire between the parties
‚ö†Ô∏èWhy is wor‚Ä¶"
285,SelamT30,2022-12-13 19:47:30+00:00,"RT @Helen287223432: Dear @SteveHarveyFM 600,000 humans massacred &amp; over 120,000 women raped in Tigray by Eritrean &amp; Ethiopian soldiers. The‚Ä¶"
286,DawitAmanuel19,2022-12-13 19:47:30+00:00,"RT @Nebyat70932666: Ethiopia should be withdraw Eritrean troops &amp; Stop , internments &amp; killings of Tigrayans, but instead #Abiy is encourag‚Ä¶"
287,MuluDegol,2022-12-13 19:47:30+00:00,"RT @Dani27boy3: 5/10
‚ÄúAll of us were raped, they would take turns &amp; rape us as a group of 3 while saying ‚Äòwe are cleansing your wombs, now‚Ä¶"
288,phillippoole,2022-12-13 19:47:30+00:00,@dgill_elh @Jewok_Skywalker @SenSchumer @CoryBooker @POTUS I‚Äôm guessing their previous talk ‚Äúbought‚Äù the (D) a lot of votes. My guess Schumer and Biden won‚Äôt be up for election again. Booker needs to be held accountable.
289,TheMenzinger,2022-12-13 19:47:30+00:00,@bigJimlasvegas @RedestPill @iceberg171 @POTUS What?
290,Romhai_H,2022-12-13 19:47:30+00:00,RT @yemane_birhan: .The U.S. should work with other veto-power-wielding democracies &amp; the AU &amp; its 55 member states to do what is necessary‚Ä¶
291,desitay1,2022-12-13 19:47:30+00:00,"RT @HHagush: üìå killings of prisoners in Arba Minch prison near Abaya river, 
üìå killings in Adi Daero town in Shire, Tigray, 
üìå And the mass‚Ä¶"
292,Abadit__hayelom,2022-12-13 19:47:30+00:00,"RT @susutigraweit: @lizzyshackelfor mentioned that while U.S. has fought hard to keep Russia from buying Turkish or Iranian drones, it did‚Ä¶"
293,Winslow20Don,2022-12-13 19:47:29+00:00,"RT @Ivanv1: @POTUS 1. U.S. savings dropped 4.4%, lowest since 2008
2. Credit card debt 20%, now @ $1 trillion
3. Mortgage rates more than d‚Ä¶"
294,ATLhotmama,2022-12-13 19:47:29+00:00,"@POTUS And well it should have, given it had been pushed to higher levels than in decades!"
295,Abrehettt,2022-12-13 19:47:29+00:00,"RT @yemane_birhan: .Dear @POTUS; ¬†
#Ethiopia &amp; Eritrea are  responsible for a wide range of human rights violations under the African Chart‚Ä¶"
296,DaveCantril,2022-12-13 19:47:29+00:00,@POTUS I would not want to be you standing in front of God explaining why you changed His commandments.
297,Stfidel1,2022-12-13 19:47:28+00:00,RT @AttohMoutchia: 1/. @JoeBiden @POTUS #SouthernCameroonians descend on #WashingtonDC to protest the invitation of @PR_Paul_BIYA a tyrant‚Ä¶
298,HisKnowledgeabl,2022-12-13 19:47:28+00:00,"RT @POTUS: Americans can see our economic progress while driving down the street, finding relief at the pump as gas prices fall.
 
As they‚Ä¶"
299,desitay1,2022-12-13 19:47:28+00:00,"RT @MargMar80017297: ‚ÄúI want the world to hear my story &amp; Tigray‚Äôs women's story,hear our cries
‚ö†Ô∏èWe need medical &amp;psychological assistance‚Ä¶"
